<?xml version="1.0" encoding="utf-8"?>

<extension

type="module"

version="4.0"

method="upgrade"

client="site">

<name>Prezentare Meniu pe Categorii</name>

<creationDate>September 2022</creationDate>

<author>Eduard Stancu</author>

<authorEmail>eduard.stancu@matematicon.ro</authorEmail>

<authorUrl>http://matematicon.ro</authorUrl>

<copyright>Copyright (C) 2019 Packt Publishing. All rights

reserved.</copyright>

<license>GNU GPL</license>

<version>2.0.0</version>

<description>Prezent the restauran menu split by categories</description>

<files>

<filename module="mod_meniu_prezentare">mod_meniu_prezentare.php</filename>

<filename>helper.php</filename>

<filename>index.html</filename>

<folder>tmpl</folder>

</files>



<config> <!-- aici se baga parametri din administrare la noi este vorba despre clasa-->

<fields name="params">



<fieldset name="basic">



</fieldset>



<fieldset name="advanced">

<field

name="moduleclass_sfx"

type="text"

label="COM_MODULES_FIELD_MODULECLASS_SFX_LABEL"

description="COM_MODULES_FIELD_MODULECLASS_SFX_DESC"

/>

</fieldset>

</fields>

</config>

</extension>